"Matched_Signature","Matched_SIG_FILE_BASE","Rep","N_Genes","SIG_NAME","SIG_FILE_BASE","File"
"MANNE_DN","MANNE_COVID19_COMBINED_COHORT_VS_HEALTHY_DONOR_PLATELETS_DN.v2025.1.Hs",1,224,"RANDOM_MANNE_DN_rep01","RANDOM_MANNE_DN_rep01","/nfs/home/students/a.dersch/FoPra_PLAs/data/signatures/random_list/RANDOM_MANNE_DN_rep01.csv"
"MANNE_DN","MANNE_COVID19_COMBINED_COHORT_VS_HEALTHY_DONOR_PLATELETS_DN.v2025.1.Hs",2,224,"RANDOM_MANNE_DN_rep02","RANDOM_MANNE_DN_rep02","/nfs/home/students/a.dersch/FoPra_PLAs/data/signatures/random_list/RANDOM_MANNE_DN_rep02.csv"
"MANNE_DN","MANNE_COVID19_COMBINED_COHORT_VS_HEALTHY_DONOR_PLATELETS_DN.v2025.1.Hs",3,224,"RANDOM_MANNE_DN_rep03","RANDOM_MANNE_DN_rep03","/nfs/home/students/a.dersch/FoPra_PLAs/data/signatures/random_list/RANDOM_MANNE_DN_rep03.csv"
"MANNE_DN","MANNE_COVID19_COMBINED_COHORT_VS_HEALTHY_DONOR_PLATELETS_DN.v2025.1.Hs",4,224,"RANDOM_MANNE_DN_rep04","RANDOM_MANNE_DN_rep04","/nfs/home/students/a.dersch/FoPra_PLAs/data/signatures/random_list/RANDOM_MANNE_DN_rep04.csv"
"MANNE_DN","MANNE_COVID19_COMBINED_COHORT_VS_HEALTHY_DONOR_PLATELETS_DN.v2025.1.Hs",5,224,"RANDOM_MANNE_DN_rep05","RANDOM_MANNE_DN_rep05","/nfs/home/students/a.dersch/FoPra_PLAs/data/signatures/random_list/RANDOM_MANNE_DN_rep05.csv"
"MANNE_DN","MANNE_COVID19_COMBINED_COHORT_VS_HEALTHY_DONOR_PLATELETS_DN.v2025.1.Hs",6,224,"RANDOM_MANNE_DN_rep06","RANDOM_MANNE_DN_rep06","/nfs/home/students/a.dersch/FoPra_PLAs/data/signatures/random_list/RANDOM_MANNE_DN_rep06.csv"
"MANNE_DN","MANNE_COVID19_COMBINED_COHORT_VS_HEALTHY_DONOR_PLATELETS_DN.v2025.1.Hs",7,224,"RANDOM_MANNE_DN_rep07","RANDOM_MANNE_DN_rep07","/nfs/home/students/a.dersch/FoPra_PLAs/data/signatures/random_list/RANDOM_MANNE_DN_rep07.csv"
"MANNE_DN","MANNE_COVID19_COMBINED_COHORT_VS_HEALTHY_DONOR_PLATELETS_DN.v2025.1.Hs",8,224,"RANDOM_MANNE_DN_rep08","RANDOM_MANNE_DN_rep08","/nfs/home/students/a.dersch/FoPra_PLAs/data/signatures/random_list/RANDOM_MANNE_DN_rep08.csv"
"MANNE_DN","MANNE_COVID19_COMBINED_COHORT_VS_HEALTHY_DONOR_PLATELETS_DN.v2025.1.Hs",9,224,"RANDOM_MANNE_DN_rep09","RANDOM_MANNE_DN_rep09","/nfs/home/students/a.dersch/FoPra_PLAs/data/signatures/random_list/RANDOM_MANNE_DN_rep09.csv"
"MANNE_DN","MANNE_COVID19_COMBINED_COHORT_VS_HEALTHY_DONOR_PLATELETS_DN.v2025.1.Hs",10,224,"RANDOM_MANNE_DN_rep10","RANDOM_MANNE_DN_rep10","/nfs/home/students/a.dersch/FoPra_PLAs/data/signatures/random_list/RANDOM_MANNE_DN_rep10.csv"
"MANNE_DN","MANNE_COVID19_COMBINED_COHORT_VS_HEALTHY_DONOR_PLATELETS_DN.v2025.1.Hs",11,224,"RANDOM_MANNE_DN_rep11","RANDOM_MANNE_DN_rep11","/nfs/home/students/a.dersch/FoPra_PLAs/data/signatures/random_list/RANDOM_MANNE_DN_rep11.csv"
"MANNE_DN","MANNE_COVID19_COMBINED_COHORT_VS_HEALTHY_DONOR_PLATELETS_DN.v2025.1.Hs",12,224,"RANDOM_MANNE_DN_rep12","RANDOM_MANNE_DN_rep12","/nfs/home/students/a.dersch/FoPra_PLAs/data/signatures/random_list/RANDOM_MANNE_DN_rep12.csv"
"MANNE_DN","MANNE_COVID19_COMBINED_COHORT_VS_HEALTHY_DONOR_PLATELETS_DN.v2025.1.Hs",13,224,"RANDOM_MANNE_DN_rep13","RANDOM_MANNE_DN_rep13","/nfs/home/students/a.dersch/FoPra_PLAs/data/signatures/random_list/RANDOM_MANNE_DN_rep13.csv"
"MANNE_DN","MANNE_COVID19_COMBINED_COHORT_VS_HEALTHY_DONOR_PLATELETS_DN.v2025.1.Hs",14,224,"RANDOM_MANNE_DN_rep14","RANDOM_MANNE_DN_rep14","/nfs/home/students/a.dersch/FoPra_PLAs/data/signatures/random_list/RANDOM_MANNE_DN_rep14.csv"
"MANNE_DN","MANNE_COVID19_COMBINED_COHORT_VS_HEALTHY_DONOR_PLATELETS_DN.v2025.1.Hs",15,224,"RANDOM_MANNE_DN_rep15","RANDOM_MANNE_DN_rep15","/nfs/home/students/a.dersch/FoPra_PLAs/data/signatures/random_list/RANDOM_MANNE_DN_rep15.csv"
"MANNE_DN","MANNE_COVID19_COMBINED_COHORT_VS_HEALTHY_DONOR_PLATELETS_DN.v2025.1.Hs",16,224,"RANDOM_MANNE_DN_rep16","RANDOM_MANNE_DN_rep16","/nfs/home/students/a.dersch/FoPra_PLAs/data/signatures/random_list/RANDOM_MANNE_DN_rep16.csv"
"MANNE_DN","MANNE_COVID19_COMBINED_COHORT_VS_HEALTHY_DONOR_PLATELETS_DN.v2025.1.Hs",17,224,"RANDOM_MANNE_DN_rep17","RANDOM_MANNE_DN_rep17","/nfs/home/students/a.dersch/FoPra_PLAs/data/signatures/random_list/RANDOM_MANNE_DN_rep17.csv"
"MANNE_DN","MANNE_COVID19_COMBINED_COHORT_VS_HEALTHY_DONOR_PLATELETS_DN.v2025.1.Hs",18,224,"RANDOM_MANNE_DN_rep18","RANDOM_MANNE_DN_rep18","/nfs/home/students/a.dersch/FoPra_PLAs/data/signatures/random_list/RANDOM_MANNE_DN_rep18.csv"
"MANNE_DN","MANNE_COVID19_COMBINED_COHORT_VS_HEALTHY_DONOR_PLATELETS_DN.v2025.1.Hs",19,224,"RANDOM_MANNE_DN_rep19","RANDOM_MANNE_DN_rep19","/nfs/home/students/a.dersch/FoPra_PLAs/data/signatures/random_list/RANDOM_MANNE_DN_rep19.csv"
"MANNE_DN","MANNE_COVID19_COMBINED_COHORT_VS_HEALTHY_DONOR_PLATELETS_DN.v2025.1.Hs",20,224,"RANDOM_MANNE_DN_rep20","RANDOM_MANNE_DN_rep20","/nfs/home/students/a.dersch/FoPra_PLAs/data/signatures/random_list/RANDOM_MANNE_DN_rep20.csv"
"GOBP","GOBP_REGULATION_OF_PLATELET_ACTIVATION.v2025.1.Hs",1,55,"RANDOM_GOBP_rep01","RANDOM_GOBP_rep01","/nfs/home/students/a.dersch/FoPra_PLAs/data/signatures/random_list/RANDOM_GOBP_rep01.csv"
"GOBP","GOBP_REGULATION_OF_PLATELET_ACTIVATION.v2025.1.Hs",2,55,"RANDOM_GOBP_rep02","RANDOM_GOBP_rep02","/nfs/home/students/a.dersch/FoPra_PLAs/data/signatures/random_list/RANDOM_GOBP_rep02.csv"
"GOBP","GOBP_REGULATION_OF_PLATELET_ACTIVATION.v2025.1.Hs",3,55,"RANDOM_GOBP_rep03","RANDOM_GOBP_rep03","/nfs/home/students/a.dersch/FoPra_PLAs/data/signatures/random_list/RANDOM_GOBP_rep03.csv"
"GOBP","GOBP_REGULATION_OF_PLATELET_ACTIVATION.v2025.1.Hs",4,55,"RANDOM_GOBP_rep04","RANDOM_GOBP_rep04","/nfs/home/students/a.dersch/FoPra_PLAs/data/signatures/random_list/RANDOM_GOBP_rep04.csv"
"GOBP","GOBP_REGULATION_OF_PLATELET_ACTIVATION.v2025.1.Hs",5,55,"RANDOM_GOBP_rep05","RANDOM_GOBP_rep05","/nfs/home/students/a.dersch/FoPra_PLAs/data/signatures/random_list/RANDOM_GOBP_rep05.csv"
"GOBP","GOBP_REGULATION_OF_PLATELET_ACTIVATION.v2025.1.Hs",6,55,"RANDOM_GOBP_rep06","RANDOM_GOBP_rep06","/nfs/home/students/a.dersch/FoPra_PLAs/data/signatures/random_list/RANDOM_GOBP_rep06.csv"
"GOBP","GOBP_REGULATION_OF_PLATELET_ACTIVATION.v2025.1.Hs",7,55,"RANDOM_GOBP_rep07","RANDOM_GOBP_rep07","/nfs/home/students/a.dersch/FoPra_PLAs/data/signatures/random_list/RANDOM_GOBP_rep07.csv"
"GOBP","GOBP_REGULATION_OF_PLATELET_ACTIVATION.v2025.1.Hs",8,55,"RANDOM_GOBP_rep08","RANDOM_GOBP_rep08","/nfs/home/students/a.dersch/FoPra_PLAs/data/signatures/random_list/RANDOM_GOBP_rep08.csv"
"GOBP","GOBP_REGULATION_OF_PLATELET_ACTIVATION.v2025.1.Hs",9,55,"RANDOM_GOBP_rep09","RANDOM_GOBP_rep09","/nfs/home/students/a.dersch/FoPra_PLAs/data/signatures/random_list/RANDOM_GOBP_rep09.csv"
"GOBP","GOBP_REGULATION_OF_PLATELET_ACTIVATION.v2025.1.Hs",10,55,"RANDOM_GOBP_rep10","RANDOM_GOBP_rep10","/nfs/home/students/a.dersch/FoPra_PLAs/data/signatures/random_list/RANDOM_GOBP_rep10.csv"
"GOBP","GOBP_REGULATION_OF_PLATELET_ACTIVATION.v2025.1.Hs",11,55,"RANDOM_GOBP_rep11","RANDOM_GOBP_rep11","/nfs/home/students/a.dersch/FoPra_PLAs/data/signatures/random_list/RANDOM_GOBP_rep11.csv"
"GOBP","GOBP_REGULATION_OF_PLATELET_ACTIVATION.v2025.1.Hs",12,55,"RANDOM_GOBP_rep12","RANDOM_GOBP_rep12","/nfs/home/students/a.dersch/FoPra_PLAs/data/signatures/random_list/RANDOM_GOBP_rep12.csv"
"GOBP","GOBP_REGULATION_OF_PLATELET_ACTIVATION.v2025.1.Hs",13,55,"RANDOM_GOBP_rep13","RANDOM_GOBP_rep13","/nfs/home/students/a.dersch/FoPra_PLAs/data/signatures/random_list/RANDOM_GOBP_rep13.csv"
"GOBP","GOBP_REGULATION_OF_PLATELET_ACTIVATION.v2025.1.Hs",14,55,"RANDOM_GOBP_rep14","RANDOM_GOBP_rep14","/nfs/home/students/a.dersch/FoPra_PLAs/data/signatures/random_list/RANDOM_GOBP_rep14.csv"
"GOBP","GOBP_REGULATION_OF_PLATELET_ACTIVATION.v2025.1.Hs",15,55,"RANDOM_GOBP_rep15","RANDOM_GOBP_rep15","/nfs/home/students/a.dersch/FoPra_PLAs/data/signatures/random_list/RANDOM_GOBP_rep15.csv"
"GOBP","GOBP_REGULATION_OF_PLATELET_ACTIVATION.v2025.1.Hs",16,55,"RANDOM_GOBP_rep16","RANDOM_GOBP_rep16","/nfs/home/students/a.dersch/FoPra_PLAs/data/signatures/random_list/RANDOM_GOBP_rep16.csv"
"GOBP","GOBP_REGULATION_OF_PLATELET_ACTIVATION.v2025.1.Hs",17,55,"RANDOM_GOBP_rep17","RANDOM_GOBP_rep17","/nfs/home/students/a.dersch/FoPra_PLAs/data/signatures/random_list/RANDOM_GOBP_rep17.csv"
"GOBP","GOBP_REGULATION_OF_PLATELET_ACTIVATION.v2025.1.Hs",18,55,"RANDOM_GOBP_rep18","RANDOM_GOBP_rep18","/nfs/home/students/a.dersch/FoPra_PLAs/data/signatures/random_list/RANDOM_GOBP_rep18.csv"
"GOBP","GOBP_REGULATION_OF_PLATELET_ACTIVATION.v2025.1.Hs",19,55,"RANDOM_GOBP_rep19","RANDOM_GOBP_rep19","/nfs/home/students/a.dersch/FoPra_PLAs/data/signatures/random_list/RANDOM_GOBP_rep19.csv"
"GOBP","GOBP_REGULATION_OF_PLATELET_ACTIVATION.v2025.1.Hs",20,55,"RANDOM_GOBP_rep20","RANDOM_GOBP_rep20","/nfs/home/students/a.dersch/FoPra_PLAs/data/signatures/random_list/RANDOM_GOBP_rep20.csv"
"REACTOME","REACTOME_PLATELET_ACTIVATION_SIGNALING_AND_AGGREGATION.v2025.1.Hs",1,261,"RANDOM_REACTOME_rep01","RANDOM_REACTOME_rep01","/nfs/home/students/a.dersch/FoPra_PLAs/data/signatures/random_list/RANDOM_REACTOME_rep01.csv"
"REACTOME","REACTOME_PLATELET_ACTIVATION_SIGNALING_AND_AGGREGATION.v2025.1.Hs",2,261,"RANDOM_REACTOME_rep02","RANDOM_REACTOME_rep02","/nfs/home/students/a.dersch/FoPra_PLAs/data/signatures/random_list/RANDOM_REACTOME_rep02.csv"
"REACTOME","REACTOME_PLATELET_ACTIVATION_SIGNALING_AND_AGGREGATION.v2025.1.Hs",3,261,"RANDOM_REACTOME_rep03","RANDOM_REACTOME_rep03","/nfs/home/students/a.dersch/FoPra_PLAs/data/signatures/random_list/RANDOM_REACTOME_rep03.csv"
"REACTOME","REACTOME_PLATELET_ACTIVATION_SIGNALING_AND_AGGREGATION.v2025.1.Hs",4,261,"RANDOM_REACTOME_rep04","RANDOM_REACTOME_rep04","/nfs/home/students/a.dersch/FoPra_PLAs/data/signatures/random_list/RANDOM_REACTOME_rep04.csv"
"REACTOME","REACTOME_PLATELET_ACTIVATION_SIGNALING_AND_AGGREGATION.v2025.1.Hs",5,261,"RANDOM_REACTOME_rep05","RANDOM_REACTOME_rep05","/nfs/home/students/a.dersch/FoPra_PLAs/data/signatures/random_list/RANDOM_REACTOME_rep05.csv"
"REACTOME","REACTOME_PLATELET_ACTIVATION_SIGNALING_AND_AGGREGATION.v2025.1.Hs",6,261,"RANDOM_REACTOME_rep06","RANDOM_REACTOME_rep06","/nfs/home/students/a.dersch/FoPra_PLAs/data/signatures/random_list/RANDOM_REACTOME_rep06.csv"
"REACTOME","REACTOME_PLATELET_ACTIVATION_SIGNALING_AND_AGGREGATION.v2025.1.Hs",7,261,"RANDOM_REACTOME_rep07","RANDOM_REACTOME_rep07","/nfs/home/students/a.dersch/FoPra_PLAs/data/signatures/random_list/RANDOM_REACTOME_rep07.csv"
"REACTOME","REACTOME_PLATELET_ACTIVATION_SIGNALING_AND_AGGREGATION.v2025.1.Hs",8,261,"RANDOM_REACTOME_rep08","RANDOM_REACTOME_rep08","/nfs/home/students/a.dersch/FoPra_PLAs/data/signatures/random_list/RANDOM_REACTOME_rep08.csv"
"REACTOME","REACTOME_PLATELET_ACTIVATION_SIGNALING_AND_AGGREGATION.v2025.1.Hs",9,261,"RANDOM_REACTOME_rep09","RANDOM_REACTOME_rep09","/nfs/home/students/a.dersch/FoPra_PLAs/data/signatures/random_list/RANDOM_REACTOME_rep09.csv"
"REACTOME","REACTOME_PLATELET_ACTIVATION_SIGNALING_AND_AGGREGATION.v2025.1.Hs",10,261,"RANDOM_REACTOME_rep10","RANDOM_REACTOME_rep10","/nfs/home/students/a.dersch/FoPra_PLAs/data/signatures/random_list/RANDOM_REACTOME_rep10.csv"
"REACTOME","REACTOME_PLATELET_ACTIVATION_SIGNALING_AND_AGGREGATION.v2025.1.Hs",11,261,"RANDOM_REACTOME_rep11","RANDOM_REACTOME_rep11","/nfs/home/students/a.dersch/FoPra_PLAs/data/signatures/random_list/RANDOM_REACTOME_rep11.csv"
"REACTOME","REACTOME_PLATELET_ACTIVATION_SIGNALING_AND_AGGREGATION.v2025.1.Hs",12,261,"RANDOM_REACTOME_rep12","RANDOM_REACTOME_rep12","/nfs/home/students/a.dersch/FoPra_PLAs/data/signatures/random_list/RANDOM_REACTOME_rep12.csv"
"REACTOME","REACTOME_PLATELET_ACTIVATION_SIGNALING_AND_AGGREGATION.v2025.1.Hs",13,261,"RANDOM_REACTOME_rep13","RANDOM_REACTOME_rep13","/nfs/home/students/a.dersch/FoPra_PLAs/data/signatures/random_list/RANDOM_REACTOME_rep13.csv"
"REACTOME","REACTOME_PLATELET_ACTIVATION_SIGNALING_AND_AGGREGATION.v2025.1.Hs",14,261,"RANDOM_REACTOME_rep14","RANDOM_REACTOME_rep14","/nfs/home/students/a.dersch/FoPra_PLAs/data/signatures/random_list/RANDOM_REACTOME_rep14.csv"
"REACTOME","REACTOME_PLATELET_ACTIVATION_SIGNALING_AND_AGGREGATION.v2025.1.Hs",15,261,"RANDOM_REACTOME_rep15","RANDOM_REACTOME_rep15","/nfs/home/students/a.dersch/FoPra_PLAs/data/signatures/random_list/RANDOM_REACTOME_rep15.csv"
"REACTOME","REACTOME_PLATELET_ACTIVATION_SIGNALING_AND_AGGREGATION.v2025.1.Hs",16,261,"RANDOM_REACTOME_rep16","RANDOM_REACTOME_rep16","/nfs/home/students/a.dersch/FoPra_PLAs/data/signatures/random_list/RANDOM_REACTOME_rep16.csv"
"REACTOME","REACTOME_PLATELET_ACTIVATION_SIGNALING_AND_AGGREGATION.v2025.1.Hs",17,261,"RANDOM_REACTOME_rep17","RANDOM_REACTOME_rep17","/nfs/home/students/a.dersch/FoPra_PLAs/data/signatures/random_list/RANDOM_REACTOME_rep17.csv"
"REACTOME","REACTOME_PLATELET_ACTIVATION_SIGNALING_AND_AGGREGATION.v2025.1.Hs",18,261,"RANDOM_REACTOME_rep18","RANDOM_REACTOME_rep18","/nfs/home/students/a.dersch/FoPra_PLAs/data/signatures/random_list/RANDOM_REACTOME_rep18.csv"
"REACTOME","REACTOME_PLATELET_ACTIVATION_SIGNALING_AND_AGGREGATION.v2025.1.Hs",19,261,"RANDOM_REACTOME_rep19","RANDOM_REACTOME_rep19","/nfs/home/students/a.dersch/FoPra_PLAs/data/signatures/random_list/RANDOM_REACTOME_rep19.csv"
"REACTOME","REACTOME_PLATELET_ACTIVATION_SIGNALING_AND_AGGREGATION.v2025.1.Hs",20,261,"RANDOM_REACTOME_rep20","RANDOM_REACTOME_rep20","/nfs/home/students/a.dersch/FoPra_PLAs/data/signatures/random_list/RANDOM_REACTOME_rep20.csv"
