"celltype_clean","celltype.l3","TP","FP","FN","TN","Mean_Z","n","Accuracy","Balanced_Accuracy","Dataset","Method","Mode","Filter_Mode","GT_Source"
"B cells","B cells",6,84,56,947,1.08682183198379,1093,0.871912168344007,0.507649947148691,"impact","AUCell","gmm_dist_dual","raw","gmm_dual"
"CD4 T cells","CD4 T cells",0,94,0,4542,-0.582787735830233,4636,0.979723899913719,0.489861949851195,"impact","AUCell","gmm_dist_dual","raw","gmm_dual"
"CD8 T cells","CD8 T cells",4,22,172,2040,-0.791877052108004,2238,0.91331546023235,0.506029009483035,"impact","AUCell","gmm_dist_dual","raw","gmm_dual"
"DCs","DCs",8,28,6,32,1.0781773076733,74,0.540540540540541,0.552380927528346,"impact","AUCell","gmm_dist_dual","raw","gmm_dual"
"NK cells","NK cells",5,18,48,513,-0.795073882430964,584,0.886986301369863,0.530220656978685,"impact","AUCell","gmm_dist_dual","raw","gmm_dual"
"Unassigned","Unassigned",578,3436,561,7528,0.297465388550485,12103,0.669751301330249,0.597036706035705,"impact","AUCell","gmm_dist_dual","raw","gmm_dual"
"Monocytes","Monocytes",0,3828,0,6186,-0.0679823626638855,10014,0.617735170760935,0.308867585349624,"impact","AUCell","gmm_dist_dual","raw","gmm_dual"
"Neutrophils","Neutrophils",330,1059,892,5059,0.118082507282829,7340,0.734196185286104,0.548476658272293,"impact","AUCell","gmm_dist_dual","raw","gmm_dual"
NA,NA,0,1418,0,7062,-0.0136211404747735,8480,0.832783018867924,0.416391509384859,"impact","AUCell","gmm_dist_dual","raw","gmm_dual"
